,Name,Currency,Valuation,First_Trade_Date,Expiration,BBGTicker,Description
0,ODF05 Comdty,BRL,1104710400000,1999-10-01,2004-12-30,ODF05 Comdty,ONE-DAY BANK DEP  Jan05
1,ODF06 Comdty,BRL,1136160000000,2000-10-02,2005-12-29,ODF06 Comdty,ONE-DAY BANK DEP  Jan06
2,ODF07 Comdty,BRL,1167696000000,2001-10-01,2006-12-28,ODF07 Comdty,ONE-DAY BANK DEP  Jan07
3,ODF08 Comdty,BRL,1199232000000,2002-10-01,2007-12-31,ODF08 Comdty,ONE-DAY BANK DEP  Jan08
4,ODF09 Comdty,BRL,1230854400000,2003-04-01,2008-12-30,ODF09 Comdty,ONE-DAY BANK DEP  Jan09
5,ODF10 Comdty,BRL,1262563200000,2003-04-01,2009-12-30,ODF10 Comdty,ONE-DAY BANK DEP  Jan10
6,ODF11 Comdty,BRL,1294012800000,2005-05-02,2010-12-30,ODF11 Comdty,ONE-DAY BANK DEP  Jan11
7,ODF12 Comdty,BRL,1325462400000,2003-04-01,2011-12-29,ODF12 Comdty,ONE-DAY BANK DEP  Jan12
8,ODF13 Comdty,BRL,1357084800000,2003-04-01,2012-12-28,ODF13 Comdty,ONE-DAY BANK DEP  Jan13
9,ODF14 Comdty,BRL,1388620800000,2006-03-24,2013-12-30,ODF14 Comdty,ONE-DAY BANK DEP  Jan14
10,ODF15 Comdty,BRL,1420156800000,2006-03-22,2014-12-30,ODF15 Comdty,ONE-DAY BANK DEP  Jan15
11,ODF16 Comdty,BRL,1451865600000,2006-01-17,2015-12-30,ODF16 Comdty,ONE-DAY BANK DEP  Jan16
12,ODF17 Comdty,BRL,1483315200000,2006-01-17,2016-12-30,ODF17 Comdty,ONE-DAY BANK DEP  Jan17
13,ODF18 Comdty,BRL,1514851200000,2007-03-16,2017-12-28,ODF18 Comdty,ONE-DAY BANK DEP  Jan18
14,ODF19 Comdty,BRL,1546387200000,2007-03-16,2018-12-28,ODF19 Comdty,ONE-DAY BANK DEP  Jan19
15,ODF21 Comdty,BRL,1609718400000,2009-05-20,2020-12-30,ODF21 Comdty,ONE-DAY BANK DEP  Jan21
16,ODF22 Comdty,BRL,1641168000000,2007-01-19,2021-12-30,ODF22 Comdty,ONE-DAY BANK DEP  Jan22
17,ODF23 Comdty,BRL,1672617600000,2010-08-11,2022-12-29,ODF23 Comdty,ONE-DAY BANK DEP  Jan23
18,ODF24 Comdty,BRL,1704153600000,2010-08-05,2023-12-28,ODF24 Comdty,ONE-DAY BANK DEP  Jan24
19,ODF25 Comdty,BRL,1735776000000,2010-04-09,2024-12-30,ODF25 Comdty,ONE-DAY BANK DEP  Jan25
20,ODF26 Comdty,BRL,1767312000000,2013-11-13,2025-12-30,ODF26 Comdty,ONE-DAY BANK DEP  Jan26
21,ODF27 Comdty,BRL,1799020800000,2015-12-28,2026-12-30,ODF27 Comdty,ONE-DAY BANK DEP  Jan27
22,ODF28 Comdty,BRL,1830470400000,2016-06-27,2027-12-30,ODF28 Comdty,ONE-DAY BANK DEP  Jan28
23,ODF29 Comdty,BRL,1862006400000,2014-06-03,2028-12-28,ODF29 Comdty,ONE-DAY BANK DEP  Jan29
24,ODF30 Comdty,BRL,1893542400000,2015-07-28,2029-12-28,ODF30 Comdty,ONE-DAY BANK DEP  Jan30
25,ODF31 Comdty,BRL,1925078400000,2018-12-14,2030-12-30,ODF31 Comdty,ONE-DAY BANK DEP  Jan31
26,ODF33 Comdty,BRL,1988323200000,2020-01-26,2032-12-30,ODF33 Comdty,ONE-DAY BANK DEP  Jan33
27,ODG05 Comdty,BRL,1107216000000,2004-10-01,2005-01-31,ODG05 Comdty,ONE-DAY BANK DEP  Feb05
28,ODG06 Comdty,BRL,1138752000000,2005-10-03,2006-01-31,ODG06 Comdty,ONE-DAY BANK DEP  Feb06
29,ODG07 Comdty,BRL,1170288000000,2006-10-02,2007-01-31,ODG07 Comdty,ONE-DAY BANK DEP  Feb07
30,ODG08 Comdty,BRL,1201824000000,2007-10-01,2008-01-31,ODG08 Comdty,ONE-DAY BANK DEP  Feb08
31,ODG09 Comdty,BRL,1233532800000,2008-10-01,2009-01-30,ODG09 Comdty,ONE-DAY BANK DEP  Feb09
32,ODG10 Comdty,BRL,1264982400000,2009-10-01,2010-01-29,ODG10 Comdty,ONE-DAY BANK DEP  Feb10
33,ODG11 Comdty,BRL,1296518400000,2010-10-01,2011-01-31,ODG11 Comdty,ONE-DAY BANK DEP  Feb11
34,ODG12 Comdty,BRL,1328054400000,2011-10-03,2012-01-31,ODG12 Comdty,ONE-DAY BANK DEP  Feb12
35,ODG13 Comdty,BRL,1359676800000,2012-10-01,2013-01-31,ODG13 Comdty,ONE-DAY BANK DEP  Feb13
36,ODG14 Comdty,BRL,1391385600000,2013-10-01,2014-01-31,ODG14 Comdty,ONE-DAY BANK DEP  Feb14
37,ODG15 Comdty,BRL,1422835200000,2014-10-01,2015-01-30,ODG15 Comdty,ONE-DAY BANK DEP  Feb15
38,ODG16 Comdty,BRL,1454284800000,2015-02-02,2016-01-29,ODG16 Comdty,ONE-DAY BANK DEP  Feb16
39,ODG17 Comdty,BRL,1485907200000,2015-09-15,2017-01-31,ODG17 Comdty,ONE-DAY BANK DEP  Feb17
40,ODG18 Comdty,BRL,1517443200000,2017-02-01,2018-01-31,ODG18 Comdty,ONE-DAY BANK DEP  Feb18
41,ODG19 Comdty,BRL,1548979200000,2018-02-01,2019-01-31,ODG19 Comdty,ONE-DAY BANK DEP  Feb19
42,ODG21 Comdty,BRL,1612137600000,2020-01-31,2021-01-29,ODG21 Comdty,ONE-DAY BANK DEP  Feb21
43,ODH05 Comdty,BRL,1109635200000,2004-11-01,2005-02-28,ODH05 Comdty,ONE-DAY BANK DEP  Mar05
44,ODH06 Comdty,BRL,1141171200000,2005-11-01,2006-02-24,ODH06 Comdty,ONE-DAY BANK DEP  Mar06
45,ODH07 Comdty,BRL,1172707200000,2006-11-01,2007-02-28,ODH07 Comdty,ONE-DAY BANK DEP  Mar07
46,ODH08 Comdty,BRL,1204502400000,2007-11-01,2008-02-29,ODH08 Comdty,ONE-DAY BANK DEP  Mar08
47,ODH09 Comdty,BRL,1235952000000,2008-11-03,2009-02-27,ODH09 Comdty,ONE-DAY BANK DEP  Mar09
48,ODH10 Comdty,BRL,1267401600000,2009-11-03,2010-02-26,ODH10 Comdty,ONE-DAY BANK DEP  Mar10
49,ODH11 Comdty,BRL,1298937600000,2010-11-01,2011-02-28,ODH11 Comdty,ONE-DAY BANK DEP  Mar11
50,ODH12 Comdty,BRL,1330560000000,2011-11-01,2012-02-29,ODH12 Comdty,ONE-DAY BANK DEP  Mar12
51,ODH13 Comdty,BRL,1362096000000,2012-11-01,2013-02-28,ODH13 Comdty,ONE-DAY BANK DEP  Mar13
52,ODH14 Comdty,BRL,1393977600000,2013-11-01,2014-02-28,ODH14 Comdty,ONE-DAY BANK DEP  Mar14
53,ODH15 Comdty,BRL,1425254400000,2014-11-03,2015-02-27,ODH15 Comdty,ONE-DAY BANK DEP  Mar15
54,ODH16 Comdty,BRL,1456790400000,2015-02-02,2016-02-29,ODH16 Comdty,ONE-DAY BANK DEP  Mar16
55,ODH17 Comdty,BRL,1488326400000,2015-09-15,2017-02-24,ODH17 Comdty,ONE-DAY BANK DEP  Mar17
56,ODH18 Comdty,BRL,1519862400000,2017-03-01,2018-02-28,ODH18 Comdty,ONE-DAY BANK DEP  Mar18
57,ODH19 Comdty,BRL,1551398400000,2018-03-01,2019-02-28,ODH19 Comdty,ONE-DAY BANK DEP  Mar19
58,ODH21 Comdty,BRL,1614556800000,2020-03-02,2021-02-26,ODH21 Comdty,ONE-DAY BANK DEP  Mar21
59,ODJ05 Comdty,BRL,1112313600000,2000-01-02,2005-03-31,ODJ05 Comdty,ONE-DAY BANK DEP  Apr05
60,ODJ06 Comdty,BRL,1144022400000,2001-01-02,2006-03-31,ODJ06 Comdty,ONE-DAY BANK DEP  Apr06
61,ODJ07 Comdty,BRL,1175472000000,2003-01-02,2007-03-30,ODJ07 Comdty,ONE-DAY BANK DEP  Apr07
62,ODJ08 Comdty,BRL,1207008000000,2003-01-02,2008-03-31,ODJ08 Comdty,ONE-DAY BANK DEP  Apr08
63,ODJ09 Comdty,BRL,1238544000000,2003-04-01,2009-03-31,ODJ09 Comdty,ONE-DAY BANK DEP  Apr09
64,ODJ10 Comdty,BRL,1270080000000,2003-02-17,2010-03-31,ODJ10 Comdty,ONE-DAY BANK DEP  Apr10
65,ODJ11 Comdty,BRL,1301616000000,2006-11-16,2011-03-31,ODJ11 Comdty,ONE-DAY BANK DEP  Apr11
66,ODJ12 Comdty,BRL,1333324800000,2007-05-22,2012-03-30,ODJ12 Comdty,ONE-DAY BANK DEP  Apr12
67,ODJ13 Comdty,BRL,1364774400000,2008-05-29,2013-03-28,ODJ13 Comdty,ONE-DAY BANK DEP  Apr13
68,ODJ14 Comdty,BRL,1396396800000,2008-11-03,2014-03-31,ODJ14 Comdty,ONE-DAY BANK DEP  Apr14
69,ODJ15 Comdty,BRL,1427846400000,2003-10-23,2015-03-31,ODJ15 Comdty,ONE-DAY BANK DEP  Apr15
70,ODJ16 Comdty,BRL,1459468800000,2010-01-04,2016-03-31,ODJ16 Comdty,ONE-DAY BANK DEP  Apr16
71,ODJ17 Comdty,BRL,1491177600000,2010-07-02,2017-03-31,ODJ17 Comdty,ONE-DAY BANK DEP  Apr17
72,ODJ18 Comdty,BRL,1522627200000,2011-11-23,2018-03-29,ODJ18 Comdty,ONE-DAY BANK DEP  Apr18
73,ODJ19 Comdty,BRL,1554076800000,2012-11-27,2019-03-29,ODJ19 Comdty,ONE-DAY BANK DEP  Apr19
74,ODJ21 Comdty,BRL,1617235200000,2012-12-13,2021-03-31,ODJ21 Comdty,ONE-DAY BANK DEP  Apr21
75,ODJ22 Comdty,BRL,1648771200000,2017-04-04,2022-03-31,ODJ22 Comdty,ONE-DAY BANK DEP  Apr22
76,ODJ23 Comdty,BRL,1680480000000,2018-04-02,2023-03-31,ODJ23 Comdty,ONE-DAY BANK DEP  Apr23
77,ODJ24 Comdty,BRL,1711929600000,2019-04-01,2024-03-28,ODJ24 Comdty,ONE-DAY BANK DEP  Apr24
78,ODJ25 Comdty,BRL,1743465600000,2020-04-01,2025-03-31,ODJ25 Comdty,ONE-DAY BANK DEP  Apr25
79,ODK05 Comdty,USD,1117670400000,2004-06-03,2005-06-02,ODK05 Index,PORTLAND CDD FUT  May05
80,ODK06 Comdty,BRL,1146528000000,2006-01-03,2006-04-28,ODK06 Comdty,ONE-DAY BANK DEP  May06
81,ODK07 Comdty,BRL,1178064000000,2006-12-28,2007-04-30,ODK07 Comdty,ONE-DAY BANK DEP  May07
82,ODK08 Comdty,BRL,1209686400000,2007-12-31,2008-04-30,ODK08 Comdty,ONE-DAY BANK DEP  May08
83,ODK09 Comdty,BRL,1241395200000,2008-12-31,2009-04-30,ODK09 Comdty,ONE-DAY BANK DEP  May09
84,ODK10 Comdty,BRL,1272844800000,2009-12-31,2010-04-30,ODK10 Comdty,ONE-DAY BANK DEP  May10
85,ODK11 Comdty,BRL,1304294400000,2010-12-31,2011-04-29,ODK11 Comdty,ONE-DAY BANK DEP  May11
86,ODK12 Comdty,BRL,1335916800000,2011-12-30,2012-04-30,ODK12 Comdty,ONE-DAY BANK DEP  May12
87,ODK13 Comdty,BRL,1367452800000,2012-12-31,2013-04-30,ODK13 Comdty,ONE-DAY BANK DEP  May13
88,ODK14 Comdty,BRL,1398988800000,2013-12-31,2014-04-30,ODK14 Comdty,ONE-DAY BANK DEP  May14
89,ODK15 Comdty,BRL,1430697600000,2014-12-31,2015-04-30,ODK15 Comdty,ONE-DAY BANK DEP  May15
90,ODK16 Comdty,BRL,1462147200000,2015-04-01,2016-04-29,ODK16 Comdty,ONE-DAY BANK DEP  May16
91,ODK17 Comdty,BRL,1493683200000,2016-04-06,2017-04-28,ODK17 Comdty,ONE-DAY BANK DEP  May17
92,ODK18 Comdty,BRL,1525219200000,2017-03-30,2018-04-30,ODK18 Comdty,ONE-DAY BANK DEP  May18
93,ODK19 Comdty,BRL,1556755200000,2018-05-02,2019-04-30,ODK19 Comdty,ONE-DAY BANK DEP  May19
94,ODK21 Comdty,BRL,1620000000000,2020-05-04,2021-04-30,ODK21 Comdty,ONE-DAY BANK DEP  May21
95,ODM05 Comdty,USD,1120521600000,2004-07-06,2005-07-05,ODM05 Index,PORTLAND CDD FUT  Jun05
96,ODM06 Comdty,BRL,1149120000000,2006-02-01,2006-05-31,ODM06 Comdty,ONE-DAY BANK DEP  Jun06
97,ODM07 Comdty,BRL,1180656000000,2007-02-01,2007-05-31,ODM07 Comdty,ONE-DAY BANK DEP  Jun07
98,ODM08 Comdty,BRL,1212364800000,2008-02-01,2008-05-30,ODM08 Comdty,ONE-DAY BANK DEP  Jun08
99,ODM09 Comdty,BRL,1243814400000,2009-02-02,2009-05-29,ODM09 Comdty,ONE-DAY BANK DEP  Jun09
100,ODM10 Comdty,BRL,1275350400000,2010-02-01,2010-05-31,ODM10 Comdty,ONE-DAY BANK DEP  Jun10
101,ODM11 Comdty,BRL,1306886400000,2011-02-01,2011-05-31,ODM11 Comdty,ONE-DAY BANK DEP  Jun11
102,ODM12 Comdty,BRL,1338508800000,2012-02-01,2012-05-31,ODM12 Comdty,ONE-DAY BANK DEP  Jun12
103,ODM13 Comdty,BRL,1370217600000,2013-02-01,2013-05-31,ODM13 Comdty,ONE-DAY BANK DEP  Jun13
104,ODM14 Comdty,BRL,1401667200000,2014-02-03,2014-05-30,ODM14 Comdty,ONE-DAY BANK DEP  Jun14
105,ODM15 Comdty,BRL,1433116800000,2015-02-02,2015-05-29,ODM15 Comdty,ONE-DAY BANK DEP  Jun15
106,ODM16 Comdty,BRL,1464739200000,2015-02-03,2016-05-31,ODM16 Comdty,ONE-DAY BANK DEP  Jun16
107,ODM17 Comdty,BRL,1496275200000,2016-05-05,2017-05-31,ODM17 Comdty,ONE-DAY BANK DEP  Jun17
108,ODM18 Comdty,BRL,1527811200000,2017-06-01,2018-05-30,ODM18 Comdty,ONE-DAY BANK DEP  Jun18
109,ODM19 Comdty,BRL,1559520000000,2018-06-01,2019-05-31,ODM19 Comdty,ONE-DAY BANK DEP  Jun19
110,ODM21 Comdty,BRL,1622505600000,2020-06-01,2021-05-31,ODM21 Comdty,ONE-DAY BANK DEP  Jun21
111,ODN05 Comdty,BRL,1120176000000,2000-04-01,2005-06-30,ODN05 Comdty,ONE-DAY BANK DEP  Jul05
112,ODN06 Comdty,BRL,1151884800000,2001-04-01,2006-06-30,ODN06 Comdty,ONE-DAY BANK DEP  Jul06
113,ODN07 Comdty,BRL,1183334400000,2006-06-28,2007-06-29,ODN07 Comdty,ONE-DAY BANK DEP  Jul07
114,ODN08 Comdty,BRL,1214870400000,2003-04-01,2008-06-30,ODN08 Comdty,ONE-DAY BANK DEP  Jul08
115,ODN09 Comdty,BRL,1246406400000,2003-04-01,2009-06-30,ODN09 Comdty,ONE-DAY BANK DEP  Jul09
116,ODN10 Comdty,BRL,1277942400000,2005-06-28,2010-06-30,ODN10 Comdty,ONE-DAY BANK DEP  Jul10
117,ODN11 Comdty,BRL,1309478400000,2006-02-08,2011-06-30,ODN11 Comdty,ONE-DAY BANK DEP  Jul11
118,ODN12 Comdty,BRL,1341187200000,2007-05-04,2012-06-29,ODN12 Comdty,ONE-DAY BANK DEP  Jul12
119,ODN13 Comdty,BRL,1372636800000,2008-04-25,2013-06-28,ODN13 Comdty,ONE-DAY BANK DEP  Jul13
120,ODN14 Comdty,BRL,1404172800000,2009-04-01,2014-06-30,ODN14 Comdty,ONE-DAY BANK DEP  Jul14
121,ODN15 Comdty,BRL,1435708800000,2008-11-28,2015-06-30,ODN15 Comdty,ONE-DAY BANK DEP  Jul15
122,ODN16 Comdty,BRL,1467331200000,2006-01-17,2016-06-30,ODN16 Comdty,ONE-DAY BANK DEP  Jul16
123,ODN17 Comdty,BRL,1499040000000,2011-09-12,2017-06-30,ODN17 Comdty,ONE-DAY BANK DEP  Jul17
124,ODN18 Comdty,BRL,1530489600000,2011-11-08,2018-06-29,ODN18 Comdty,ONE-DAY BANK DEP  Jul18
125,ODN19 Comdty,BRL,1561939200000,2012-09-20,2019-06-28,ODN19 Comdty,ONE-DAY BANK DEP  Jul19
126,ODN21 Comdty,BRL,1625097600000,2012-09-20,2021-06-30,ODN21 Comdty,ONE-DAY BANK DEP  Jul21
127,ODN22 Comdty,BRL,1656633600000,2012-09-20,2022-06-30,ODN22 Comdty,ONE-DAY BANK DEP  Jul22
128,ODN23 Comdty,BRL,1688342400000,2012-11-27,2023-06-30,ODN23 Comdty,ONE-DAY BANK DEP  Jul23
129,ODN24 Comdty,BRL,1719792000000,2012-11-27,2024-06-28,ODN24 Comdty,ONE-DAY BANK DEP  Jul24
130,ODN25 Comdty,BRL,1751328000000,2018-07-11,2025-06-30,ODN25 Comdty,ONE-DAY BANK DEP  Jul25
131,ODN26 Comdty,BRL,1782864000000,2017-07-11,2026-06-30,ODN26 Comdty,ONE-DAY BANK DEP  Jul26
132,ODQ05 Comdty,USD,1125619200000,2004-09-03,2005-09-02,ODQ05 Index,PORTLAND CDD FUT  Aug05
133,ODQ06 Comdty,BRL,1154390400000,2006-04-03,2006-07-31,ODQ06 Comdty,ONE-DAY BANK DEP  Aug06
134,ODQ07 Comdty,BRL,1185926400000,2007-04-02,2007-07-31,ODQ07 Comdty,ONE-DAY BANK DEP  Aug07
135,ODQ08 Comdty,BRL,1217548800000,2008-04-01,2008-07-31,ODQ08 Comdty,ONE-DAY BANK DEP  Aug08
136,ODQ09 Comdty,BRL,1249257600000,2009-04-01,2009-07-31,ODQ09 Comdty,ONE-DAY BANK DEP  Aug09
137,ODQ10 Comdty,BRL,1280707200000,2010-04-01,2010-07-30,ODQ10 Comdty,ONE-DAY BANK DEP  Aug10
138,ODQ11 Comdty,BRL,1312156800000,2011-04-01,2011-07-29,ODQ11 Comdty,ONE-DAY BANK DEP  Aug11
139,ODQ12 Comdty,BRL,1343779200000,2012-04-02,2012-07-31,ODQ12 Comdty,ONE-DAY BANK DEP  Aug12
140,ODQ13 Comdty,BRL,1375315200000,2013-04-01,2013-07-31,ODQ13 Comdty,ONE-DAY BANK DEP  Aug13
141,ODQ14 Comdty,BRL,1406851200000,2014-04-01,2014-07-31,ODQ14 Comdty,ONE-DAY BANK DEP  Aug14
142,ODQ15 Comdty,BRL,1438560000000,2015-02-02,2015-07-31,ODQ15 Comdty,ONE-DAY BANK DEP  Aug15
143,ODQ16 Comdty,BRL,1470009600000,2015-08-03,2016-07-29,ODQ16 Comdty,ONE-DAY BANK DEP  Aug16
144,ODQ17 Comdty,BRL,1501545600000,2016-08-01,2017-07-31,ODQ17 Comdty,ONE-DAY BANK DEP  Aug17
145,ODQ18 Comdty,BRL,1533081600000,2017-08-01,2018-07-31,ODQ18 Comdty,ONE-DAY BANK DEP  Aug18
146,ODQ19 Comdty,BRL,1564617600000,2018-07-31,2019-07-31,ODQ19 Comdty,ONE-DAY BANK DEP  Aug19
147,ODU05 Comdty,USD,1128297600000,2004-10-05,2005-10-03,ODU05 Index,PORTLAND CDD FUT  Sep05
148,ODU06 Comdty,BRL,1157068800000,2006-05-02,2006-08-31,ODU06 Comdty,ONE-DAY BANK DEP  Sep06
149,ODU07 Comdty,BRL,1188777600000,2007-05-02,2007-08-31,ODU07 Comdty,ONE-DAY BANK DEP  Sep07
150,ODU08 Comdty,BRL,1220227200000,2008-05-02,2008-08-29,ODU08 Comdty,ONE-DAY BANK DEP  Sep08
151,ODU09 Comdty,BRL,1251763200000,2009-05-04,2009-08-31,ODU09 Comdty,ONE-DAY BANK DEP  Sep09
152,ODU10 Comdty,BRL,1283299200000,2010-05-03,2010-08-31,ODU10 Comdty,ONE-DAY BANK DEP  Sep10
153,ODU11 Comdty,BRL,1314835200000,2011-05-02,2011-08-31,ODU11 Comdty,ONE-DAY BANK DEP  Sep11
154,ODU12 Comdty,BRL,1346630400000,2012-05-02,2012-08-31,ODU12 Comdty,ONE-DAY BANK DEP  Sep12
155,ODU13 Comdty,BRL,1378080000000,2013-05-02,2013-08-30,ODU13 Comdty,ONE-DAY BANK DEP  Sep13
156,ODU14 Comdty,BRL,1409529600000,2014-05-02,2014-08-29,ODU14 Comdty,ONE-DAY BANK DEP  Sep14
157,ODU15 Comdty,BRL,1441065600000,2015-02-02,2015-08-31,ODU15 Comdty,ONE-DAY BANK DEP  Sep15
158,ODU16 Comdty,BRL,1472688000000,2015-09-01,2016-08-31,ODU16 Comdty,ONE-DAY BANK DEP  Sep16
159,ODU17 Comdty,BRL,1504224000000,2016-09-01,2017-08-31,ODU17 Comdty,ONE-DAY BANK DEP  Sep17
160,ODU18 Comdty,BRL,1535932800000,2017-09-01,2018-08-31,ODU18 Comdty,ONE-DAY BANK DEP  Sep18
161,ODU19 Comdty,BRL,1567382400000,2018-09-03,2019-08-30,ODU19 Comdty,ONE-DAY BANK DEP  Sep19
162,ODV05 Comdty,USD,1130889600000,2004-11-03,2005-11-02,ODV05 Index,PORTLAND CDD FUT  Oct05
163,ODV06 Comdty,BRL,1159747200000,2001-07-01,2006-09-29,ODV06 Comdty,ONE-DAY BANK DEP  Oct06
164,ODV07 Comdty,BRL,1191196800000,2003-04-01,2007-09-28,ODV07 Comdty,ONE-DAY BANK DEP  Oct07
165,ODV08 Comdty,BRL,1222819200000,2003-04-01,2008-09-30,ODV08 Comdty,ONE-DAY BANK DEP  Oct08
166,ODV09 Comdty,BRL,1254355200000,2003-04-01,2009-09-30,ODV09 Comdty,ONE-DAY BANK DEP  Oct09
167,ODV10 Comdty,BRL,1285891200000,2003-04-01,2010-09-30,ODV10 Comdty,ONE-DAY BANK DEP  Oct10
168,ODV11 Comdty,BRL,1317600000000,2006-07-03,2011-09-30,ODV11 Comdty,ONE-DAY BANK DEP  Oct11
169,ODV12 Comdty,BRL,1349049600000,2007-05-22,2012-09-28,ODV12 Comdty,ONE-DAY BANK DEP  Oct12
170,ODV13 Comdty,BRL,1380585600000,2007-12-27,2013-09-30,ODV13 Comdty,ONE-DAY BANK DEP  Oct13
171,ODV14 Comdty,BRL,1412121600000,2009-04-17,2014-09-30,ODV14 Comdty,ONE-DAY BANK DEP  Oct14
172,ODV15 Comdty,BRL,1443657600000,2010-03-09,2015-09-30,ODV15 Comdty,ONE-DAY BANK DEP  Oct15
173,ODV16 Comdty,BRL,1475452800000,2011-03-25,2016-09-30,ODV16 Comdty,ONE-DAY BANK DEP  Oct16
174,ODV17 Comdty,BRL,1506902400000,2011-09-20,2017-09-29,ODV17 Comdty,ONE-DAY BANK DEP  Oct17
175,ODV18 Comdty,BRL,1538352000000,2012-03-26,2018-09-28,ODV18 Comdty,ONE-DAY BANK DEP  Oct18
176,ODV19 Comdty,BRL,1569888000000,2012-11-27,2019-09-30,ODV19 Comdty,ONE-DAY BANK DEP  Oct19
177,ODV21 Comdty,BRL,1633046400000,2012-11-27,2021-09-30,ODV21 Comdty,ONE-DAY BANK DEP  Oct21
178,ODV22 Comdty,BRL,1664755200000,2017-10-04,2022-09-30,ODV22 Comdty,ONE-DAY BANK DEP  Oct22
179,ODV23 Comdty,BRL,1696204800000,2018-10-01,2023-09-29,ODV23 Comdty,ONE-DAY BANK DEP  Oct23
180,ODV24 Comdty,BRL,1727740800000,2019-10-01,2024-09-30,ODV24 Comdty,ONE-DAY BANK DEP  Oct24
181,ODX06 Comdty,BRL,1162339200000,2006-07-03,2006-10-31,ODX06 Comdty,ONE-DAY BANK DEP  Nov06
182,ODX07 Comdty,BRL,1193875200000,2007-07-02,2007-10-31,ODX07 Comdty,ONE-DAY BANK DEP  Nov07
183,ODX08 Comdty,BRL,1225670400000,2008-07-01,2008-10-31,ODX08 Comdty,ONE-DAY BANK DEP  Nov08
184,ODX09 Comdty,BRL,1257206400000,2009-07-01,2009-10-30,ODX09 Comdty,ONE-DAY BANK DEP  Nov09
185,ODX10 Comdty,BRL,1288569600000,2010-07-01,2010-10-29,ODX10 Comdty,ONE-DAY BANK DEP  Nov10
186,ODX11 Comdty,BRL,1320105600000,2011-07-01,2011-10-31,ODX11 Comdty,ONE-DAY BANK DEP  Nov11
187,ODX12 Comdty,BRL,1351728000000,2012-07-02,2012-10-31,ODX12 Comdty,ONE-DAY BANK DEP  Nov12
188,ODX13 Comdty,BRL,1383264000000,2013-07-01,2013-10-31,ODX13 Comdty,ONE-DAY BANK DEP  Nov13
189,ODX14 Comdty,BRL,1414972800000,2014-07-01,2014-10-31,ODX14 Comdty,ONE-DAY BANK DEP  Nov14
190,ODX15 Comdty,BRL,1446508800000,2015-02-02,2015-10-30,ODX15 Comdty,ONE-DAY BANK DEP  Nov15
191,ODX16 Comdty,BRL,1477958400000,2015-05-06,2016-10-31,ODX16 Comdty,ONE-DAY BANK DEP  Nov16
192,ODX17 Comdty,BRL,1509494400000,2016-11-01,2017-10-31,ODX17 Comdty,ONE-DAY BANK DEP  Nov17
193,ODX18 Comdty,BRL,1541030400000,2017-11-01,2018-10-31,ODX18 Comdty,ONE-DAY BANK DEP  Nov18
194,ODX19 Comdty,BRL,1572566400000,2018-11-01,2019-10-31,ODX19 Comdty,ONE-DAY BANK DEP  Nov19
195,ODZ06 Comdty,BRL,1164931200000,2006-08-01,2006-11-30,ODZ06 Comdty,ONE-DAY BANK DEP  Dec06
196,ODZ07 Comdty,BRL,1196640000000,2007-08-01,2007-11-30,ODZ07 Comdty,ONE-DAY BANK DEP  Dec07
197,ODZ08 Comdty,BRL,1228089600000,2008-08-01,2008-11-28,ODZ08 Comdty,ONE-DAY BANK DEP  Dec08
198,ODZ09 Comdty,BRL,1259625600000,2009-08-03,2009-11-30,ODZ09 Comdty,ONE-DAY BANK DEP  Dec09
199,ODZ10 Comdty,BRL,1291161600000,2010-08-02,2010-11-30,ODZ10 Comdty,ONE-DAY BANK DEP  Dec10
200,ODZ11 Comdty,BRL,1322697600000,2011-08-01,2011-11-30,ODZ11 Comdty,ONE-DAY BANK DEP  Dec11
201,ODZ12 Comdty,BRL,1354492800000,2012-08-01,2012-11-30,ODZ12 Comdty,ONE-DAY BANK DEP  Dec12
202,ODZ13 Comdty,BRL,1385942400000,2013-08-01,2013-11-29,ODZ13 Comdty,ONE-DAY BANK DEP  Dec13
203,ODZ14 Comdty,BRL,1417392000000,2014-08-01,2014-11-28,ODZ14 Comdty,ONE-DAY BANK DEP  Dec14
204,ODZ15 Comdty,BRL,1448928000000,2015-02-02,2015-11-30,ODZ15 Comdty,ONE-DAY BANK DEP  Dec15
205,ODZ16 Comdty,BRL,1480550400000,2015-08-03,2016-11-30,ODZ16 Comdty,ONE-DAY BANK DEP  Dec16
206,ODZ17 Comdty,BRL,1512086400000,2016-12-01,2017-11-30,ODZ17 Comdty,ONE-DAY BANK DEP  Dec17
207,ODZ18 Comdty,BRL,1543795200000,2017-12-01,2018-11-30,ODZ18 Comdty,ONE-DAY BANK DEP  Dec18
208,ODZ19 Comdty,BRL,1575244800000,2018-12-03,2019-11-29,ODZ19 Comdty,ONE-DAY BANK DEP  Dec19
